-- Dummy Data --
INSERT INTO dummy (created) VALUES (current_timestamp);

-- Populate Your Tables Here --

-- Users Table --
DELETE FROM users;

-- password: passworddoe
INSERT INTO users(id, member) VALUES ('c8ddb501-dd12-4cbc-8cd7-b630f10020ea', '{"name": {"first":"John","last":"Doe"},"email": "johndoe@gmail.com","password": "$2b$10$amAYlCcPvrfBR3cs4YTwxO2.w3o1V7fh83IT.mFGTX8FzrssOUVSm"}');

-- password: doepassword
INSERT INTO users(id, member) VALUES ('00e9aaad-c3ac-4366-a594-98d2a2f05e86','{"name": {"first":"Jane","last":"Doe"}, "email": "janedoe@gmail.com","password": "$2b$10$wrD0jgXXa6SmdY7Q.x6TAu7Ov1viFu0A27XWsu/TbOqAD3sWSO3ce"}');

-- password: passworddoet
INSERT INTO users(id, member) VALUES ('53b16f8b-4d08-462f-8631-8762f709d2be','{"name": {"first":"Johnathan","last":"Doe"},"email": "johnathandoe@gmail.com","password": "$2b$10$K8L2TVuqcK6EVOlX316kWuedmonKFGYjJPrxk2mztrbCWPf7NJcfe"}');

-- password: doetpassword
INSERT INTO users(id, member) VALUES ('bcf6bc38-843d-49e6-84de-631bd5f54ab4','{"name": {"first":"Janet","last":"Doe"},"email": "janetdoe@gmail.com","password": "$2b$10$z8LbnQPKBOPXGcgiyQi.8eqc4ajdL9u8cdoiMXd3Rq/y6UXEXpS16"}');

-- category table --
DELETE FROM category;

INSERT INTO category(id, category, p_id) VALUES (0, '{"category": "electronics"}', -1);

INSERT INTO category(id, category, p_id) VALUES (1, '{"category": "apparel"}', -1);

INSERT INTO category(id, category, p_id) VALUES (2, '{"category": "cell phones"}', 0);

INSERT INTO category(id, category, p_id) VALUES (3, '{"category": "flash drives"}', 0);

INSERT INTO category(id, category, p_id) VALUES (4, '{"category": "iphone"}', 2);

INSERT INTO category(id, category, p_id) VALUES (5, '{"category": "android"}', 2);

INSERT INTO category(id, category, p_id) VALUES (6, '{"category": "men"}', 1);

INSERT INTO category(id, category, p_id) VALUES (7, '{"category": "women"}', 1);

-- listing table

DELETE FROM listing;

INSERT INTO listing(u_id, cat_id, listing) VALUES ('c8ddb501-dd12-4cbc-8cd7-b630f10020ea', '5', '{"pic": ["https://cdn.discordapp.com/attachments/901173318592389140/915695224934776832/260699202_4533738640040561_601682984201426085_n.png","https://cdn.discordapp.com/attachments/901173318592389140/915695657484972113/258770378_6801404799877167_858130111844528878_n.png"],"name":"Samsung Galaxy s12","price":"$400","condition":"used", "delivery": "local pickup","description":"Vestibulum quam sapien, varius ut, blandit non, interdum in, ante. Vestibulum ante ipsum primis in faucibus orci luctus et ultrices posuere cubilia Curae; Duis faucibus accumsan odio. Curabitur convallis. Duis consequat dui nec nisi volutpat eleifend. Donec ut dolor. Morbi vel lectus in quam fringilla rhoncus. Mauris enim leo, rhoncus sed, vestibulum sit amet, cursus id, turpis.","responses":[]}');
INSERT INTO listing(u_id, cat_id, listing) VALUES ('00e9aaad-c3ac-4366-a594-98d2a2f05e86', '6', '{"pic": ["https://cdn.discordapp.com/attachments/901173318592389140/915695911483605092/017_White_T-Shirt_w-_iPhone_Print-2_1024x.png","https://cdn.discordapp.com/attachments/901173318592389140/915695941183471656/ssrcoslim_fit_t_shirtflatlayfafafaca443f4786frontwide_portrait750x1000-bgf8f8f8.png"],"name":"iPhone-pattern T-Shirt","price":"$10","condition":"used", "delivery": "shipping","description":"Quisque id justo sit amet sapien dignissim vestibulum. Vestibulum ante ipsum primis in faucibus orci luctus et ultrices posuere cubilia Curae; Nulla dapibus dolor vel est. Donec odio justo, sollicitudin ut, suscipit a, feugiat et, eros. Vestibulum ac est lacinia nisi venenatis tristique. Fusce congue, diam id ornare imperdiet, sapien urna pretium nisl, ut volutpat sapien arcu sed augue. Aliquam erat volutpat. In congue. Etiam justo. Etiam pretium iaculis justo.","responses":[]}');
INSERT INTO listing(u_id, cat_id, listing) VALUES ('53b16f8b-4d08-462f-8631-8762f709d2be', '4', '{"pic": ["https://media.discordapp.net/attachments/901173318592389140/915696371321954314/250600802_3083034385312814_3978786547071626958_n.png?width=458&height=610","https://cdn.discordapp.com/attachments/901173318592389140/915696388057219112/250922670_3083034235312829_8584441652460375918_n.png"],"name":"iPhone6","price":"$10.60","condition":"used", "delivery": "shipping","description":"Nunc purus. Phasellus in felis. Donec semper sapien a libero.","responses":[]}');
INSERT INTO listing(u_id, cat_id, listing) VALUES ('bcf6bc38-843d-49e6-84de-631bd5f54ab4', '3', '{"pic": ["https://media.discordapp.net/attachments/901173318592389140/915696861426352199/242074391_375411337572288_7010391487619150827_n.png?width=396&height=610","https://cdn.discordapp.com/attachments/901173318592389140/915696877922574356/242121456_375411317572290_3669852631082097492_n.png"],"name":"SanDisk 256G SD","price":"$25","condition":"new", "delivery": "local pickup", "description":"Maecenas ut massa quis augue luctus tincidunt. Nulla mollis molestie lorem. Quisque ut erat. Curabitur gravida nisi at nibh. In hac habitasse platea dictumst. Aliquam augue quam, sollicitudin vitae, consectetuer eget, rutrum at, lorem. Integer tincidunt ante vel ipsum. Praesent blandit lacinia erat.","responses":[]}');
INSERT INTO listing(u_id, cat_id, listing) VALUES ('c8ddb501-dd12-4cbc-8cd7-b630f10020ea', '4', '{"pic": ["https://cdn.discordapp.com/attachments/901173318592389140/915697088489218118/127133138_406306303887386_5619193443963157235_n.png"],"name":"iPhone 7 Plus","price":"$200","condition":"used", "delivery": "local pickup", "description":"Donec posuere metus vitae ipsum. Aliquam non mauris. Morbi non lectus. Aliquam sit amet diam in magna bibendum imperdiet. Nullam orci pede, venenatis non, sodales sed, tincidunt eu, felis. Fusce posuere felis sed lacus.","responses":[]}');
INSERT INTO listing(u_id, cat_id, listing) VALUES ('00e9aaad-c3ac-4366-a594-98d2a2f05e86', '5', '{"pic": ["https://cdn.discordapp.com/attachments/901173318592389140/915697250380939324/245008917_4379674742160080_3816465251938552364_n.png"],"name":"Samsung Note10","price":"$300","condition":"used", "delivery": "shipping", "description":"Morbi ut odio. Cras mi pede, malesuada in, imperdiet et, commodo vulputate, justo. In blandit ultrices enim. Lorem ipsum dolor sit amet, consectetuer adipiscing elit. Proin interdum mauris non ligula pellentesque ultrices. Phasellus id sapien in sapien iaculis congue. Vivamus metus arcu, adipiscing molestie, hendrerit at, vulputate vitae, nisl.","responses":[]}');
INSERT INTO listing(u_id, cat_id, listing) VALUES ('53b16f8b-4d08-462f-8631-8762f709d2be', '6', '{"pic": ["https://cdn.discordapp.com/attachments/901173318592389140/915697404550987807/259640461_4518417844908692_4636686207756043299_n.png"],"name":"Nike visor","price":"$70","condition":"new", "delivery": "local pickup","description":"Suspendisse potenti. Cras in purus eu magna vulputate luctus. Cum sociis natoque penatibus et magnis dis parturient montes, nascetur ridiculus mus. Vivamus vestibulum sagittis sapien. Cum sociis natoque penatibus et magnis dis parturient montes, nascetur ridiculus mus. Etiam vel augue. Vestibulum rutrum rutrum neque. Aenean auctor gravida sem. Praesent id massa id nisl venenatis lacinia.","responses":[{"user":"Alex","comment": "Cool!"}]}');
INSERT INTO listing(u_id, cat_id, listing) VALUES ('bcf6bc38-843d-49e6-84de-631bd5f54ab4', '7', '{"pic": ["https://cdn.discordapp.com/attachments/901173318592389140/915697578530705480/257318292_5222732144408602_7793904439661398951_n.png"],"name":"Sport Bra","price":"$23","condition":"new", "delivery": "local pickup", "description":"Curabitur gravida nisi at nibh. In hac habitasse platea dictumst. Aliquam augue quam, sollicitudin vitae, consectetuer eget, rutrum at, lorem. Integer tincidunt ante vel ipsum. Praesent blandit lacinia erat. Vestibulum sed magna at nunc commodo placerat.","responses":[]}');
INSERT INTO listing(u_id, cat_id, listing) VALUES ('c8ddb501-dd12-4cbc-8cd7-b630f10020ea', '5', '{"pic": ["https://cdn.discordapp.com/attachments/901173318592389140/915808919782305792/254347393_4618658234880338_2406026886886170233_n.png"],"name":"Google Pixel","price":"$400","condition":"new", "delivery": "local pickup", "description":"Curabitur convallis. Duis consequat dui nec nisi volutpat eleifend. Donec ut dolor. Morbi vel lectus in quam fringilla rhoncus. Mauris enim leo, rhoncus sed, vestibulum sit amet, cursus id, turpis. Integer aliquet, massa id lobortis convallis, tortor risus dapibus augue, vel accumsan tellus nisi eu orci. Mauris lacinia sapien quis libero. Nullam sit amet turpis elementum ligula vehicula consequat. Morbi a ipsum. Integer a nibh.","responses":[]}');
INSERT INTO listing(u_id, cat_id, listing) VALUES ('00e9aaad-c3ac-4366-a594-98d2a2f05e86', '1', '{"pic": ["https://cdn.discordapp.com/attachments/901173318592389140/915809115039760414/255516046_4844729158873386_4338209652292994028_n.png","https://cdn.discordapp.com/attachments/901173318592389140/915809135906410537/249034093_6431921373545803_3061783386447096982_n.png"],"name":"Halloween Custom","price":"$10","condition":"used", "delivery": "shipping", "description":"Quisque porta volutpat erat. Quisque erat eros, viverra eget, congue eget, semper rutrum, nulla. Nunc purus. Phasellus in felis. Donec semper sapien a libero. Nam dui.","responses":[]}');
INSERT INTO listing(u_id, cat_id, listing) VALUES ('53b16f8b-4d08-462f-8631-8762f709d2be', '4', '{"pic": ["https://media.discordapp.net/attachments/901173318592389140/915809400499888189/237012251_4275054185949211_1104453609759726296_n.png?width=457&height=610","https://media.discordapp.net/attachments/901173318592389140/915809422851313715/235620012_3816114008490398_5593009358953628816_n.png?width=457&height=610"],"name":"iPhone Xs","price":"$500","condition":"new", "delivery": "local pickup", "description":"Vivamus tortor. Duis mattis egestas metus.","responses":[]}');
INSERT INTO listing(u_id, cat_id, listing) VALUES ('bcf6bc38-843d-49e6-84de-631bd5f54ab4', '3', '{"pic": ["https://images-ext-1.discordapp.net/external/ylOGpAGPMaZ6rYHLP4gOEvnMwsvKIgEkhLupEK91ixU/%3F_nc_cat%3D101%26ccb%3D1-5%26_nc_sid%3Dc48759%26_nc_ohc%3Dt6EldTCFJUwAX8MMyC7%26_nc_ht%3Dscontent.fsac1-1.fna%26oh%3D88fdee1c78b77bc28fdd6b8a8c68e8b2%26oe%3D61AD9090/https/scontent.fsac1-1.fna.fbcdn.net/v/t45.5328-4/p720x720/241131600_4655052654555918_2545795768046085927_n.png?width=813&height=610"],"name":"Samsung SSD 850 EVO 256GB","price":"$35","condition":"new", "delivery": "shipping", "description":"Praesent id massa id nisl venenatis lacinia. Aenean sit amet justo. Morbi ut odio. Cras mi pede, malesuada in, imperdiet et, commodo vulputate, justo. In blandit ultrices enim. Lorem ipsum dolor sit amet, consectetuer adipiscing elit. Proin interdum mauris non ligula pellentesque ultrices. Phasellus id sapien in sapien iaculis congue. Vivamus metus arcu, adipiscing molestie, hendrerit at, vulputate vitae, nisl. Aenean lectus.","responses":[]}');
INSERT INTO listing(u_id, cat_id, listing) VALUES ('c8ddb501-dd12-4cbc-8cd7-b630f10020ea', '4', '{"pic": ["https://cdn.discordapp.com/attachments/901173318592389140/915809766075404289/258038903_4577434708959903_2644282940655487580_n.png","https://cdn.discordapp.com/attachments/901173318592389140/915809783649566790/248461086_4549999838394805_3572017138444138458_n.png"],"name":"iPhone 12 128GB","price":"$650","condition":"new", "delivery": "shipping", "description":"Nullam orci pede, venenatis non, sodales sed, tincidunt eu, felis. Fusce posuere felis sed lacus. Morbi sem mauris, laoreet ut, rhoncus aliquet, pulvinar sed, nisl. Nunc rhoncus dui vel sem. Sed sagittis. Nam congue, risus semper porta volutpat, quam pede lobortis ligula, sit amet eleifend pede libero quis orci. Nullam molestie nibh in lectus. Pellentesque at nulla.","responses":[]}');
INSERT INTO listing(u_id, cat_id, listing) VALUES ('00e9aaad-c3ac-4366-a594-98d2a2f05e86', '5', '{"pic": ["https://cdn.discordapp.com/attachments/901173318592389140/915810227683749929/248716600_3845955958841097_8829067991819575779_n.png","https://cdn.discordapp.com/attachments/901173318592389140/915810248055468052/254952757_6258704554199608_837895353319649692_n.png"],"name":"Htc one 32GB Unlocked Android Phone","price":"$75","condition":"used", "delivery": "shipping","description":"Praesent blandit. Nam nulla. Integer pede justo, lacinia eget, tincidunt eget, tempus vel, pede. Morbi porttitor lorem id ligula. Suspendisse ornare consequat lectus. In est risus, auctor sed, tristique in, tempus sit amet, sem. Fusce consequat. Nulla nisl. Nunc nisl.","responses":[]}');
INSERT INTO listing(u_id, cat_id, listing) VALUES ('53b16f8b-4d08-462f-8631-8762f709d2be', '6', '{"pic": ["https://cdn.discordapp.com/attachments/901173318592389140/915810418918825984/250011884_4739241256136679_6174053078227464045_n.png","https://cdn.discordapp.com/attachments/901173318592389140/915810437113724938/246564470_6766531920054081_1451632219151844047_n.png","https://cdn.discordapp.com/attachments/901173318592389140/915810450938167336/250223258_4706472879374497_2985154016666469272_n.png"],"name":"Mens snow Jacket","price":"$20","condition":"used", "delivery": "shipping","description":"Nunc purus. Phasellus in felis. Donec semper sapien a libero.","responses":[]}');
INSERT INTO listing(u_id, cat_id, listing) VALUES ('bcf6bc38-843d-49e6-84de-631bd5f54ab4', '7', '{"pic": ["https://cdn.discordapp.com/attachments/901173318592389140/915810635651121212/261300844_6813054242068259_3417111160195864274_n.png"],"name":"Women Jeans","price":"$10","condition":"used", "delivery": "local pickup","description":"Suspendisse potenti. Cras in purus eu magna vulputate luctus.","responses":[]}');